日期,地区,城市,品类,渠道,销售额,销量,利润
2023-01-22,华中,武汉,美妆个护,线上,630,7,264
2023-01-01,华北,太原,电脑办公,线下,4960,8,1340
2023-01-13,华东,南京,服饰鞋包,线上,390,5,120
2023-01-05,西北,兰州,手机数码,线下,3370,1,555
2023-01-19,西北,乌鲁木齐,家用电器,线下,1640,8,370
2023-01-04,华南,厦门,服饰鞋包,线下,790,4,193
2023-01-23,华北,天津,服饰鞋包,线上,690,1,160
2023-01-15,西南,昆明,食品生鲜,线下,110,3,16
2023-01-01,东北,沈阳,手机数码,线下,4380,2,899
2023-01-18,西北,兰州,家用电器,线上,1740,8,434
2023-01-16,华东,苏州,美妆个护,线下,370,9,136
2023-01-04,华中,长沙,手机数码,线上,3460,6,598
2023-01-18,西南,重庆,食品生鲜,线下,110,3,13
2023-01-18,西北,兰州,手机数码,线下,2990,4,461
2023-01-16,西北,西安,家用电器,线上,2140,6,453
2023-01-14,华中,郑州,食品生鲜,线上,110,8,16
2023-01-24,华北,北京,电脑办公,线上,2140,8,595
2023-01-04,西南,昆明,服饰鞋包,线上,440,4,103
2023-01-03,华北,北京,美妆个护,线下,490,1,181
2023-01-19,西北,西安,服饰鞋包,线上,610,1,152
2023-01-05,华东,南京,食品生鲜,线上,120,8,15
2023-01-08,华南,深圳,服饰鞋包,线上,490,8,112
2023-01-23,西南,成都,美妆个护,线下,500,6,129
2023-01-03,西北,西安,电脑办公,线上,3730,4,763
2023-01-06,华中,郑州,家用电器,线下,1870,3,267
2023-01-17,西北,西安,手机数码,线上,2490,2,317
2023-01-06,华南,广州,食品生鲜,线下,280,5,36
2023-01-15,华南,广州,电脑办公,线上,2470,4,432
2023-01-22,华中,长沙,服饰鞋包,线上,350,6,120
2023-01-18,华中,长沙,服饰鞋包,线下,530,6,136
2023-01-07,华南,广州,服饰鞋包,线下,520,4,156
2023-01-23,华中,南昌,食品生鲜,线下,300,9,35
2023-01-03,西北,西安,美妆个护,线上,520,6,205
2023-01-12,西北,乌鲁木齐,手机数码,线下,2040,2,379
2023-01-08,华东,南京,食品生鲜,线上,130,5,13
2023-01-27,华中,长沙,电脑办公,线下,2010,5,489
2023-01-04,华中,郑州,手机数码,线下,2340,9,305
2023-01-09,东北,大连,家用电器,线上,1760,2,337
2023-01-17,西北,西安,食品生鲜,线下,140,5,21
2023-01-13,西北,乌鲁木齐,家用电器,线下,1970,7,504
2023-01-16,东北,哈尔滨,家用电器,线下,3700,6,672
2023-01-01,西南,昆明,服饰鞋包,线上,430,9,134
2023-01-04,西北,乌鲁木齐,家用电器,线下,2700,3,524
2023-01-09,西北,兰州,电脑办公,线上,3030,1,698
2023-01-13,华北,太原,服饰鞋包,线下,1030,2,281
2023-01-24,西北,乌鲁木齐,手机数码,线上,3280,5,640
2023-01-07,华南,广州,电脑办公,线下,2360,1,616
2023-01-02,华北,天津,电脑办公,线上,2050,4,423
2023-01-16,华北,北京,食品生鲜,线上,220,9,24
2023-02-05,华中,长沙,食品生鲜,线下,200,4,32
2023-02-04,西南,昆明,家用电器,线下,4410,9,787
2023-02-22,华中,郑州,家用电器,线下,2690,1,575
2023-02-10,华东,上海,服饰鞋包,线上,610,9,188
2023-02-23,西南,成都,电脑办公,线上,2520,9,408
2023-02-18,华中,长沙,家用电器,线下,4330,7,704
2023-02-07,西南,贵阳,服饰鞋包,线上,840,7,238
2023-02-20,华东,南京,电脑办公,线上,4080,8,903
2023-02-24,华南,深圳,家用电器,线上,1470,5,267
2023-02-03,东北,沈阳,美妆个护,线下,340,1,120
2023-02-02,华北,北京,食品生鲜,线下,240,8,24
2023-02-13,华东,南京,电脑办公,线下,5360,2,1051
2023-02-12,东北,大连,电脑办公,线上,4720,9,882
2023-02-21,华东,杭州,服饰鞋包,线上,910,6,231
2023-02-22,西北,乌鲁木齐,家用电器,线下,3390,2,769
2023-02-18,西北,兰州,家用电器,线下,4000,4,734
2023-02-17,华东,苏州,电脑办公,线下,4590,8,1052
2023-02-19,西北,兰州,服饰鞋包,线下,820,7,252
2023-02-04,华北,天津,电脑办公,线下,4510,7,1260
2023-02-02,西北,乌鲁木齐,电脑办公,线下,4200,2,999
2023-02-03,西北,西安,美妆个护,线上,370,2,105
2023-02-27,华南,深圳,食品生鲜,线上,280,2,44
2023-02-11,西南,贵阳,服饰鞋包,线下,1170,5,442
2023-02-01,华东,上海,食品生鲜,线下,310,8,42
2023-02-01,华北,太原,服饰鞋包,线上,490,3,161
2023-02-06,东北,哈尔滨,手机数码,线下,2920,1,424
2023-02-10,华东,上海,家用电器,线下,2670,5,418
2023-02-15,华北,天津,美妆个护,线下,610,8,170
2023-02-23,西南,重庆,电脑办公,线上,4040,8,623
2023-02-13,华东,上海,手机数码,线下,2950,8,408
2023-02-19,华中,南昌,电脑办公,线上,5700,7,1432
2023-02-14,华南,广州,家用电器,线下,4280,4,771
2023-02-25,华南,深圳,食品生鲜,线上,180,6,27
2023-02-24,华中,郑州,电脑办公,线上,4620,8,983
2023-02-08,东北,大连,服饰鞋包,线下,970,4,305
2023-02-22,西北,兰州,家用电器,线上,1770,1,291
2023-02-27,华东,杭州,食品生鲜,线下,320,6,47
2023-02-16,西南,重庆,服饰鞋包,线上,640,8,179
2023-02-03,华东,上海,家用电器,线上,3980,6,750
2023-02-19,东北,大连,服饰鞋包,线下,560,9,129
2023-02-06,西北,兰州,美妆个护,线上,640,3,217
2023-02-09,东北,沈阳,电脑办公,线上,2530,1,594
2023-02-11,华东,杭州,手机数码,线下,4770,8,725
2023-02-27,华中,武汉,家用电器,线下,2460,7,561
2023-02-09,华南,厦门,美妆个护,线上,610,6,169
2023-02-19,华东,杭州,家用电器,线上,1930,7,291
2023-02-08,华东,杭州,手机数码,线上,3320,9,432
2023-02-26,华南,厦门,家用电器,线上,3400,1,722
2023-02-14,西南,贵阳,美妆个护,线上,480,8,210
2023-02-26,华东,苏州,电脑办公,线上,3770,1,953
2023-03-08,华中,长沙,服饰鞋包,线下,580,5,186
2023-03-23,华北,北京,电脑办公,线上,2450,3,425
2023-03-24,东北,大连,家用电器,线上,3060,8,747
2023-03-23,华北,太原,服饰鞋包,线上,980,9,309
2023-03-05,华中,武汉,家用电器,线下,2380,9,346
2023-03-25,西北,兰州,电脑办公,线上,2160,5,593
2023-03-07,华中,武汉,服饰鞋包,线下,700,9,225
2023-03-13,华南,海口,电脑办公,线上,4450,3,733
2023-03-10,西南,昆明,食品生鲜,线下,220,9,26
2023-03-15,华南,广州,服饰鞋包,线下,850,6,218
2023-03-23,东北,沈阳,服饰鞋包,线上,490,1,107
2023-03-23,华北,石家庄,手机数码,线上,1440,4,228
2023-03-14,华中,长沙,电脑办公,线上,1850,5,295
2023-03-16,华北,石家庄,食品生鲜,线下,170,3,27
2023-03-04,西北,西安,手机数码,线下,4430,9,737
2023-03-16,华北,太原,手机数码,线上,1440,4,275
2023-03-21,西南,重庆,服饰鞋包,线下,1000,6,291
2023-03-03,华东,杭州,服饰鞋包,线上,810,1,240
2023-03-07,东北,大连,食品生鲜,线下,220,6,26
2023-03-27,东北,哈尔滨,服饰鞋包,线上,930,7,236
2023-03-25,华中,郑州,食品生鲜,线下,310,3,37
2023-03-16,华北,太原,家用电器,线下,2410,1,367
2023-03-14,华北,天津,服饰鞋包,线上,540,8,190
2023-03-02,华北,太原,家用电器,线下,3790,5,570
2023-03-05,西南,成都,手机数码,线下,1570,4,260
2023-03-17,华中,郑州,食品生鲜,线下,180,7,19
2023-03-05,西北,兰州,家用电器,线上,3470,5,663
2023-03-27,西北,乌鲁木齐,美妆个护,线上,600,4,165
2023-03-16,华中,南昌,服饰鞋包,线上,900,8,298
2023-03-02,华北,石家庄,家用电器,线上,1970,5,311
2023-03-17,华东,南京,美妆个护,线下,330,8,107
2023-03-16,东北,沈阳,手机数码,线上,4110,1,781
2023-03-19,华中,长沙,服饰鞋包,线下,1080,4,293
2023-03-18,华东,苏州,电脑办公,线下,5630,9,1451
2023-03-23,西南,成都,食品生鲜,线上,180,9,31
2023-03-01,华南,深圳,服饰鞋包,线上,830,7,259
2023-03-23,西南,贵阳,美妆个护,线上,520,7,197
2023-03-06,西南,重庆,服饰鞋包,线下,720,1,152
2023-03-13,西南,重庆,食品生鲜,线上,150,7,17
2023-03-09,华南,海口,食品生鲜,线下,190,1,21
2023-03-26,华东,上海,美妆个护,线上,460,2,142
2023-03-18,华东,苏州,食品生鲜,线上,270,2,32
2023-03-08,西南,成都,家用电器,线下,2310,9,393
2023-04-03,华中,长沙,美妆个护,线下,610,2,181
2023-04-27,西北,西安,服饰鞋包,线上,780,2,198
2023-04-19,东北,沈阳,服饰鞋包,线上,600,1,152
2023-04-20,西北,乌鲁木齐,电脑办公,线上,3420,2,853
2023-04-26,华南,深圳,美妆个护,线下,550,2,206
2023-04-09,华南,深圳,服饰鞋包,线下,990,9,294
2023-04-16,华北,天津,电脑办公,线上,2850,2,621
2023-04-25,华东,南京,手机数码,线上,2050,7,275
2023-04-26,西北,兰州,服饰鞋包,线上,1030,7,362
2023-04-17,西南,昆明,家用电器,线下,3380,1,546
2023-04-15,东北,哈尔滨,手机数码,线下,1890,2,266
2023-04-02,东北,大连,食品生鲜,线下,220,1,25
2023-04-27,西南,重庆,美妆个护,线上,570,6,150
2023-04-02,华北,北京,家用电器,线下,2610,5,588
2023-04-01,华北,太原,电脑办公,线下,2730,6,585
2023-04-24,西北,乌鲁木齐,电脑办公,线下,2090,5,417
2023-04-03,西南,重庆,服饰鞋包,线上,390,6,103
2023-04-27,华北,石家庄,电脑办公,线上,3960,9,1026
2023-04-18,西北,兰州,食品生鲜,线上,280,4,50
2023-04-21,西北,乌鲁木齐,手机数码,线下,2310,4,436
2023-04-23,东北,哈尔滨,美妆个护,线上,610,5,160
2023-04-09,华中,南昌,电脑办公,线上,4330,8,765
2023-04-24,华中,武汉,电脑办公,线下,4560,4,976
2023-04-05,华东,苏州,家用电器,线上,2150,1,433
2023-04-09,西南,昆明,服饰鞋包,线上,350,8,121
2023-04-05,西南,成都,服饰鞋包,线上,940,8,346
2023-04-07,西北,西安,家用电器,线下,2590,5,441
2023-04-06,华南,海口,美妆个护,线下,620,7,206
2023-04-08,西南,贵阳,食品生鲜,线下,160,7,18
2023-04-25,西南,重庆,手机数码,线上,2110,3,360
2023-04-10,华北,北京,家用电器,线下,3160,4,509
2023-04-05,华南,深圳,美妆个护,线上,390,1,96
2023-04-24,华北,天津,手机数码,线下,3530,4,522
2023-04-22,西北,乌鲁木齐,电脑办公,线下,2000,6,389
2023-05-20,西南,贵阳,食品生鲜,线下,250,7,26
2023-05-11,西北,兰州,服饰鞋包,线上,610,6,228
2023-05-20,西北,兰州,服饰鞋包,线上,420,9,109
2023-05-13,东北,沈阳,服饰鞋包,线上,770,6,234
2023-05-13,西南,重庆,美妆个护,线下,530,5,190
2023-05-20,华南,海口,美妆个护,线上,480,4,179
2023-05-18,西北,乌鲁木齐,食品生鲜,线下,180,5,20
2023-05-19,华北,石家庄,电脑办公,线上,2670,5,703
2023-05-07,东北,大连,家用电器,线上,2620,9,621
2023-05-19,华北,石家庄,食品生鲜,线上,290,9,43
2023-05-26,西南,贵阳,电脑办公,线上,4130,2,909
2023-05-19,西北,西安,美妆个护,线上,350,8,155
2023-05-12,华东,上海,手机数码,线下,3990,2,771
2023-05-26,华东,上海,电脑办公,线下,3050,1,534
2023-05-09,华中,南昌,食品生鲜,线下,160,1,25
2023-05-19,华东,南京,电脑办公,线上,2420,1,427
2023-05-22,西北,乌鲁木齐,手机数码,线下,3020,4,378
2023-05-10,西南,昆明,手机数码,线下,4200,8,572
2023-05-01,西南,昆明,手机数码,线下,2800,6,534
2023-05-12,西北,乌鲁木齐,手机数码,线下,1690,4,343
2023-05-06,华北,天津,手机数码,线上,3070,8,475
2023-05-12,华中,长沙,服饰鞋包,线下,440,2,158
2023-05-11,西北,乌鲁木齐,美妆个护,线上,500,3,142
2023-05-14,华南,深圳,服饰鞋包,线上,620,6,183
2023-05-15,华北,太原,手机数码,线下,2000,8,306
2023-05-07,东北,沈阳,手机数码,线下,2070,5,272
2023-05-09,西南,成都,服饰鞋包,线下,480,6,104
2023-05-01,华南,广州,手机数码,线上,4020,9,756
2023-05-26,西北,兰州,食品生鲜,线上,100,1,10
2023-05-16,西南,昆明,美妆个护,线下,620,9,202
2023-05-21,华中,郑州,电脑办公,线下,3830,1,718
2023-05-03,华东,苏州,食品生鲜,线上,110,3,13
2023-05-10,西南,成都,手机数码,线下,4420,4,667
2023-05-07,西北,西安,服饰鞋包,线上,410,6,159
2023-05-10,西北,兰州,美妆个护,线上,350,6,116
2023-05-13,华北,北京,服饰鞋包,线下,700,2,225
2023-05-04,华南,厦门,家用电器,线下,3710,1,866
2023-05-23,西南,成都,家用电器,线下,2810,6,609
2023-05-24,东北,哈尔滨,家用电器,线上,2890,4,574
2023-05-23,华北,太原,美妆个护,线上,450,4,128
2023-05-08,华南,深圳,服饰鞋包,线下,950,5,260
2023-05-05,华北,太原,美妆个护,线上,530,2,193
2023-05-27,华北,天津,食品生鲜,线上,270,6,36
2023-06-05,华东,杭州,手机数码,线下,5840,2,1038
2023-06-10,西北,兰州,食品生鲜,线上,420,9,49
2023-06-02,华北,北京,家用电器,线上,2360,2,504
2023-06-09,华南,深圳,家用电器,线下,4360,7,1027
2023-06-12,华中,郑州,手机数码,线上,2930,1,496
2023-06-17,西南,成都,电脑办公,线上,5980,7,1211
2023-06-25,华北,北京,服饰鞋包,线下,810,6,256
2023-06-04,西南,重庆,电脑办公,线上,6990,4,1716
2023-06-11,华中,郑州,食品生鲜,线上,170,2,26
2023-06-03,华东,南京,服饰鞋包,线上,910,1,245
2023-06-18,西北,乌鲁木齐,电脑办公,线下,4290,7,906
2023-06-01,华北,北京,电脑办公,线上,3720,8,813
2023-06-15,华东,苏州,服饰鞋包,线下,680,4,239
2023-06-15,东北,大连,手机数码,线上,4550,5,781
2023-06-05,华东,上海,食品生鲜,线下,370,5,47
2023-06-18,华东,杭州,电脑办公,线下,3420,1,655
2023-06-03,华中,长沙,家用电器,线上,3840,3,626
2023-06-17,西南,重庆,手机数码,线上,5780,9,903
2023-06-05,华东,杭州,电脑办公,线上,4850,4,817
2023-06-27,东北,哈尔滨,手机数码,线下,3170,4,419
2023-06-09,华中,长沙,家用电器,线下,4510,9,917
2023-06-13,西北,乌鲁木齐,食品生鲜,线下,350,5,59
2023-06-03,华南,深圳,手机数码,线上,4060,5,509
2023-06-16,华南,厦门,服饰鞋包,线下,1220,7,273
2023-06-10,西北,乌鲁木齐,美妆个护,线下,690,9,292
2023-06-17,华南,广州,家用电器,线上,1940,1,279
2023-06-18,西北,乌鲁木齐,电脑办公,线下,3420,3,748
2023-06-14,东北,大连,美妆个护,线下,1080,6,455
2023-06-23,东北,大连,食品生鲜,线上,420,6,46
2023-06-01,华北,天津,食品生鲜,线下,250,1,28
2023-06-16,华东,上海,美妆个护,线下,780,9,209
2023-06-09,华北,北京,美妆个护,线上,560,8,231
2023-06-21,东北,哈尔滨,手机数码,线下,2430,5,291
2023-06-04,华北,天津,美妆个护,线下,610,4,251
2023-06-19,华南,深圳,食品生鲜,线下,370,8,43
2023-06-21,华东,杭州,美妆个护,线下,550,6,182
2023-07-13,华东,上海,手机数码,线上,3980,2,824
2023-07-22,西南,昆明,服饰鞋包,线上,1140,5,426
2023-07-01,华北,太原,家用电器,线上,3670,7,586
2023-07-12,西北,西安,美妆个护,线下,480,2,135
2023-07-12,华中,武汉,家用电器,线下,2110,4,341
2023-07-09,华北,天津,电脑办公,线下,6270,3,1059
2023-07-20,西北,乌鲁木齐,家用电器,线下,2590,7,438
2023-07-03,西南,成都,食品生鲜,线上,320,2,41
2023-07-10,西北,兰州,服饰鞋包,线上,770,1,200
2023-07-04,东北,沈阳,食品生鲜,线上,200,4,30
2023-07-03,华中,武汉,电脑办公,线下,4880,3,1135
2023-07-25,华北,石家庄,家用电器,线下,1630,1,415
2023-07-22,华东,苏州,电脑办公,线上,2050,5,362
2023-07-26,华中,武汉,手机数码,线上,4030,1,739
2023-07-11,华东,上海,手机数码,线下,3170,2,589
2023-07-22,华东,苏州,家用电器,线下,2980,1,485
2023-07-17,华中,南昌,美妆个护,线上,750,1,312
2023-07-23,华南,深圳,食品生鲜,线下,140,1,25
2023-07-22,东北,沈阳,服饰鞋包,线下,660,4,202
2023-07-04,西南,贵阳,家用电器,线下,3100,4,440
2023-07-18,华南,深圳,家用电器,线下,2470,3,642
2023-07-20,华中,长沙,服饰鞋包,线上,900,6,210
2023-07-09,东北,沈阳,食品生鲜,线下,260,7,45
2023-07-26,西南,昆明,食品生鲜,线下,280,3,49
2023-07-25,华中,武汉,美妆个护,线上,630,7,260
2023-07-09,华中,长沙,服饰鞋包,线下,510,4,124
2023-07-11,华南,广州,电脑办公,线上,3270,9,622
2023-07-04,西南,成都,家用电器,线上,2960,1,451
2023-07-17,华北,北京,手机数码,线上,3480,9,521
2023-07-09,华北,太原,食品生鲜,线下,360,7,61
2023-07-11,华北,天津,家用电器,线下,2970,8,637
2023-07-07,东北,哈尔滨,食品生鲜,线下,250,2,34
2023-07-03,华中,郑州,美妆个护,线下,580,4,197
2023-07-09,西北,兰州,电脑办公,线下,4020,9,678
2023-07-01,西北,兰州,美妆个护,线上,380,3,118
2023-07-16,华中,郑州,电脑办公,线下,5590,3,1417
2023-07-01,华东,上海,手机数码,线下,2030,8,402
2023-07-05,西北,兰州,电脑办公,线上,3010,6,712
2023-07-20,华中,郑州,美妆个护,线上,320,6,134
2023-07-05,西南,重庆,食品生鲜,线上,170,6,30
2023-07-05,华北,北京,家用电器,线上,3350,4,490
2023-07-10,西北,兰州,服饰鞋包,线上,980,7,242
2023-08-18,东北,哈尔滨,食品生鲜,线上,240,7,26
2023-08-26,华南,广州,家用电器,线下,1530,6,234
2023-08-20,华中,南昌,食品生鲜,线下,150,3,21
2023-08-23,西南,重庆,家用电器,线上,3470,7,763
2023-08-10,西北,西安,手机数码,线上,3630,1,484
2023-08-17,华中,武汉,手机数码,线上,2820,9,445
2023-08-24,西北,西安,手机数码,线下,2710,3,443
2023-08-27,华中,武汉,电脑办公,线上,4860,5,812
2023-08-25,华中,武汉,食品生鲜,线上,110,5,17
2023-08-09,西北,西安,美妆个护,线下,330,7,132
2023-08-05,西北,西安,电脑办公,线下,5950,6,1348
2023-08-10,华北,北京,家用电器,线上,1880,6,277
2023-08-23,西南,昆明,电脑办公,线上,4250,4,1114
2023-08-24,华东,苏州,手机数码,线下,2310,4,445
2023-08-25,华南,厦门,食品生鲜,线下,200,6,20
2023-08-19,西北,西安,家用电器,线下,3270,6,459
2023-08-18,华北,天津,电脑办公,线下,5530,6,1475
2023-08-17,东北,哈尔滨,电脑办公,线上,4140,1,1048
2023-08-06,西南,成都,电脑办公,线上,3230,6,850
2023-08-04,东北,大连,家用电器,线下,3780,4,966
2023-08-14,华南,深圳,家用电器,线下,1600,7,273
2023-08-27,西北,兰州,食品生鲜,线下,230,2,24
2023-08-13,华南,深圳,美妆个护,线上,690,2,226
2023-08-18,华南,深圳,服饰鞋包,线上,570,2,171
2023-08-07,华中,长沙,食品生鲜,线下,130,6,14
2023-08-03,华中,长沙,电脑办公,线上,2980,2,736
2023-08-24,东北,大连,食品生鲜,线下,360,3,59
2023-08-11,华北,天津,食品生鲜,线下,130,7,19
2023-08-12,东北,大连,食品生鲜,线上,280,9,45
2023-08-06,东北,大连,服饰鞋包,线上,1020,9,385
2023-08-16,西北,兰州,食品生鲜,线上,140,9,20
2023-08-05,华东,苏州,手机数码,线上,4500,7,707
2023-08-06,华东,苏州,家用电器,线上,2970,1,432
2023-08-21,华南,广州,服饰鞋包,线上,590,9,129
2023-08-15,华南,广州,家用电器,线上,2600,8,488
2023-08-26,华东,上海,美妆个护,线下,330,6,113
2023-08-20,西南,昆明,电脑办公,线上,2150,7,477
2023-08-18,华中,郑州,电脑办公,线上,3970,4,1021
2023-08-13,华东,杭州,电脑办公,线下,3740,7,886
2023-08-12,华中,南昌,家用电器,线上,3860,6,616
2023-08-05,华东,南京,手机数码,线上,3640,4,708
2023-08-11,华北,北京,服饰鞋包,线下,1230,7,282
2023-08-10,华东,南京,电脑办公,线上,4510,9,779
2023-09-21,东北,沈阳,服饰鞋包,线上,680,5,165
2023-09-08,西南,昆明,手机数码,线下,2220,9,425
2023-09-06,西北,乌鲁木齐,家用电器,线上,2960,2,453
2023-09-16,华中,武汉,家用电器,线下,2860,1,629
2023-09-11,华北,太原,服饰鞋包,线下,1040,5,230
2023-09-14,东北,大连,手机数码,线下,2380,1,367
2023-09-25,华北,太原,电脑办公,线上,3350,1,791
2023-09-19,华东,上海,服饰鞋包,线上,600,7,157
2023-09-07,华南,厦门,美妆个护,线上,450,2,128
2023-09-10,西南,贵阳,电脑办公,线上,4930,2,1304
2023-09-17,华东,苏州,手机数码,线上,1600,3,223
2023-09-02,西北,兰州,服饰鞋包,线上,690,3,227
2023-09-24,华北,天津,电脑办公,线下,3530,1,841
2023-09-10,西南,贵阳,食品生鲜,线上,140,1,20
2023-09-14,华东,南京,手机数码,线下,1830,5,252
2023-09-04,华南,广州,服饰鞋包,线上,500,5,184
2023-09-26,华东,南京,手机数码,线上,3570,2,431
2023-09-23,华南,广州,食品生鲜,线上,120,4,17
2023-09-10,华东,杭州,服饰鞋包,线上,680,5,146
2023-09-02,华中,武汉,家用电器,线上,3010,8,515
2023-09-24,西南,昆明,电脑办公,线下,4140,3,1121
2023-09-22,华南,海口,食品生鲜,线下,300,6,40
2023-09-02,华南,厦门,服饰鞋包,线上,1000,9,296
2023-09-17,华南,海口,食品生鲜,线上,150,2,16
2023-09-16,华东,上海,手机数码,线上,3690,2,608
2023-09-04,东北,哈尔滨,电脑办公,线下,5140,9,1225
2023-09-16,华中,武汉,服饰鞋包,线上,890,7,309
2023-09-19,西南,成都,服饰鞋包,线上,1070,9,316
2023-09-02,西南,贵阳,美妆个护,线下,500,7,218
2023-09-11,华东,杭州,食品生鲜,线下,210,3,24
2023-09-17,西北,乌鲁木齐,美妆个护,线下,530,4,204
2023-09-19,西北,乌鲁木齐,服饰鞋包,线下,490,2,127
2023-09-09,华东,南京,电脑办公,线下,4380,2,1171
2023-09-22,华东,上海,手机数码,线上,1790,8,206
2023-09-05,东北,沈阳,电脑办公,线上,4300,8,872
2023-09-14,华南,厦门,电脑办公,线下,3840,1,723
2023-09-02,华东,南京,服饰鞋包,线下,910,8,209
2023-09-09,华南,厦门,手机数码,线上,3820,2,443
2023-09-01,华北,石家庄,家用电器,线上,3330,3,824
2023-09-12,华中,南昌,手机数码,线下,2530,6,364
2023-09-10,西南,成都,手机数码,线下,3890,8,542
2023-09-08,华东,杭州,食品生鲜,线上,260,9,38
2023-10-20,华北,北京,手机数码,线下,1870,2,308
2023-10-12,东北,大连,服饰鞋包,线上,540,5,209
2023-10-11,华中,南昌,家用电器,线下,3050,8,644
2023-10-26,华北,天津,电脑办公,线上,5330,8,882
2023-10-12,华南,海口,美妆个护,线上,610,8,223
2023-10-23,华中,郑州,手机数码,线下,2850,4,397
2023-10-21,华南,深圳,食品生鲜,线上,170,8,29
2023-10-08,西南,重庆,食品生鲜,线下,110,5,14
2023-10-27,华东,苏州,美妆个护,线上,360,8,133
2023-10-12,西北,西安,服饰鞋包,线上,740,3,241
2023-10-16,华东,苏州,美妆个护,线下,680,9,286
2023-10-14,西北,乌鲁木齐,服饰鞋包,线下,800,2,260
2023-10-19,东北,大连,美妆个护,线上,430,7,106
2023-10-27,东北,哈尔滨,服饰鞋包,线上,560,7,121
2023-10-01,华中,长沙,电脑办公,线下,3270,6,901
2023-10-21,华东,苏州,电脑办公,线上,3490,2,703
2023-10-19,西北,兰州,食品生鲜,线下,240,1,35
2023-10-10,华东,杭州,食品生鲜,线下,260,9,32
2023-10-23,西北,乌鲁木齐,服饰鞋包,线上,670,5,234
2023-10-17,西南,重庆,服饰鞋包,线下,550,7,185
2023-10-14,华南,海口,电脑办公,线上,4650,6,1091
2023-10-06,西南,成都,电脑办公,线下,4760,8,813
2023-10-12,华北,太原,服饰鞋包,线上,770,4,202
2023-10-07,华东,苏州,家用电器,线上,1330,8,310
2023-10-13,西北,乌鲁木齐,服饰鞋包,线上,830,3,292
2023-10-12,华东,上海,服饰鞋包,线下,1050,8,283
2023-10-17,华北,石家庄,服饰鞋包,线上,580,8,171
2023-10-01,华中,武汉,服饰鞋包,线上,1070,7,257
2023-10-08,东北,沈阳,食品生鲜,线下,290,1,51
2023-10-07,华中,南昌,服饰鞋包,线上,880,1,328
2023-10-14,西南,贵阳,电脑办公,线上,2100,2,537
2023-10-27,华南,深圳,家用电器,线下,3670,8,720
2023-10-12,华南,广州,美妆个护,线下,650,1,189
2023-10-24,华北,北京,电脑办公,线下,3910,7,1106
2023-10-18,华中,郑州,手机数码,线上,3070,5,453
2023-11-19,华北,石家庄,服饰鞋包,线下,910,9,348
2023-11-04,华中,郑州,服饰鞋包,线下,2060,5,700
2023-11-04,华东,杭州,食品生鲜,线上,510,3,61
2023-11-24,华东,上海,电脑办公,线上,7790,4,2048
2023-11-06,华南,广州,食品生鲜,线下,470,9,61
2023-11-21,西南,成都,电脑办公,线下,10350,8,2399
2023-11-15,西北,西安,食品生鲜,线上,340,5,44
2023-11-08,华中,长沙,服饰鞋包,线上,1270,9,458
2023-11-13,华北,太原,美妆个护,线上,1090,6,365
2023-11-11,华中,武汉,电脑办公,线上,7660,2,2012
2023-11-08,华东,上海,手机数码,线上,7980,7,1194
2023-11-06,西南,贵阳,食品生鲜,线上,430,6,49
2023-11-11,华东,南京,美妆个护,线上,910,8,344
2023-11-04,华南,深圳,美妆个护,线上,650,4,179
2023-11-19,华中,南昌,食品生鲜,线上,430,5,72
2023-11-13,西北,西安,家用电器,线下,7160,4,1457
2023-11-04,西南,重庆,家用电器,线下,3490,5,750
2023-11-09,华北,北京,美妆个护,线下,560,6,153
2023-11-02,西南,贵阳,服饰鞋包,线上,1810,7,401
2023-11-27,华南,广州,电脑办公,线下,6870,1,1496
2023-11-13,华北,北京,家用电器,线上,4410,7,1072
2023-11-01,西北,乌鲁木齐,手机数码,线下,4920,5,970
2023-11-25,华北,太原,电脑办公,线下,8170,1,1360
2023-11-22,西北,乌鲁木齐,食品生鲜,线上,330,6,39
2023-11-12,西南,昆明,电脑办公,线下,4150,3,981
2023-11-02,西南,成都,食品生鲜,线下,400,6,71
2023-11-12,华北,北京,电脑办公,线下,6940,2,1738
2023-11-17,东北,大连,手机数码,线下,3530,3,570
2023-11-08,西南,重庆,美妆个护,线下,1340,2,390
2023-11-21,东北,哈尔滨,手机数码,线上,3380,5,473
2023-11-05,西北,西安,美妆个护,线上,570,3,244
2023-11-15,东北,大连,家用电器,线上,2640,5,379
2023-11-19,华中,长沙,手机数码,线上,4700,8,608
2023-11-15,华东,杭州,家用电器,线上,4330,2,899
2023-11-11,西北,西安,手机数码,线上,5490,2,1043
2023-11-22,华南,厦门,食品生鲜,线上,370,5,42
2023-11-05,华东,上海,家用电器,线下,2690,3,548
2023-11-11,西北,乌鲁木齐,家用电器,线下,4090,2,616
2023-11-15,东北,沈阳,服饰鞋包,线上,1980,1,548
2023-11-23,西北,兰州,服饰鞋包,线上,1620,2,348
2023-11-25,华北,北京,美妆个护,线下,630,5,201
2023-11-27,东北,哈尔滨,电脑办公,线上,4800,4,816
2023-11-16,华北,石家庄,家用电器,线下,5300,4,1266
2023-11-13,西北,兰州,手机数码,线上,3730,4,665
2023-11-25,东北,大连,家用电器,线下,5980,1,1246
2023-11-22,东北,沈阳,手机数码,线下,4850,9,551
2023-11-01,华东,上海,电脑办公,线上,9090,3,1866
2023-11-18,东北,哈尔滨,美妆个护,线上,470,2,208
2023-11-16,华南,深圳,家用电器,线下,3570,2,819
2023-11-05,华东,上海,家用电器,线下,6050,9,1343
2023-11-11,东北,大连,服饰鞋包,线下,1140,9,353
2023-11-01,东北,沈阳,家用电器,线下,7730,9,1960
2023-11-02,华东,苏州,美妆个护,线下,1050,4,371
2023-11-14,华东,南京,手机数码,线上,5650,4,854
2023-11-05,华南,海口,服饰鞋包,线上,2000,5,598
2023-11-22,华北,太原,家用电器,线上,3370,5,757
2023-11-22,西北,乌鲁木齐,手机数码,线上,2800,5,524
2023-11-23,西南,昆明,电脑办公,线上,9480,7,2552
2023-11-07,东北,大连,食品生鲜,线下,230,7,30
2023-11-13,华东,苏州,食品生鲜,线上,530,7,76
2023-11-15,华南,广州,服饰鞋包,线下,2150,6,510
2023-11-21,华中,郑州,美妆个护,线上,650,3,164
2023-11-01,东北,沈阳,服饰鞋包,线上,1230,7,304
2023-11-13,西南,贵阳,美妆个护,线下,1440,6,476
2023-12-08,西南,贵阳,美妆个护,线下,420,3,170
2023-12-17,西北,兰州,美妆个护,线上,320,6,110
2023-12-13,华中,长沙,食品生鲜,线上,280,2,37
2023-12-25,华东,苏州,电脑办公,线上,2590,8,487
2023-12-22,东北,沈阳,美妆个护,线下,950,2,247
2023-12-11,华北,天津,食品生鲜,线下,330,2,44
2023-12-22,华北,石家庄,电脑办公,线上,6270,3,1406
2023-12-11,华东,杭州,服饰鞋包,线上,1110,7,393
2023-12-13,西北,兰州,家用电器,线上,2750,5,529
2023-12-19,华东,上海,电脑办公,线下,6640,6,1297
2023-12-24,西南,贵阳,手机数码,线下,5480,6,655
2023-12-23,东北,大连,电脑办公,线上,3490,1,994
2023-12-25,西南,重庆,手机数码,线下,3220,7,669
2023-12-22,西北,乌鲁木齐,服饰鞋包,线上,1010,3,315
2023-12-12,西南,重庆,食品生鲜,线上,380,5,60
2023-12-14,华南,厦门,服饰鞋包,线下,980,5,343
2023-12-16,华东,苏州,手机数码,线下,4760,7,967
2023-12-05,东北,大连,手机数码,线上,2340,9,409
2023-12-03,华中,郑州,家用电器,线下,2860,4,631
2023-12-20,华北,太原,食品生鲜,线上,350,3,36
2023-12-15,西北,兰州,电脑办公,线上,3360,3,886
2023-12-26,华中,长沙,电脑办公,线下,6240,2,1138
2023-12-21,华中,长沙,电脑办公,线上,6120,7,1488
2023-12-05,东北,哈尔滨,家用电器,线上,2670,3,597
2023-12-24,华南,深圳,家用电器,线上,4610,4,1045
2023-12-09,华南,厦门,手机数码,线上,4360,8,605
2023-12-06,西南,成都,食品生鲜,线上,200,9,35
2023-12-17,华南,厦门,美妆个护,线下,1000,6,307
2023-12-03,华东,杭州,食品生鲜,线下,230,7,40
2023-12-17,东北,沈阳,食品生鲜,线下,360,5,39
2023-12-27,华北,北京,食品生鲜,线下,400,1,50
2023-12-26,华东,南京,服饰鞋包,线上,960,6,357
2023-12-23,华中,武汉,手机数码,线下,2280,3,275
2023-12-06,西南,重庆,食品生鲜,线下,420,8,45
2023-12-05,华南,深圳,美妆个护,线上,740,9,217
2023-12-03,华北,天津,服饰鞋包,线上,850,3,313
2024-01-27,华东,南京,服饰鞋包,线上,750,9,218
2024-01-11,华东,杭州,食品生鲜,线上,130,1,20
2024-01-17,东北,沈阳,电脑办公,线下,4620,4,1228
2024-01-10,华南,深圳,食品生鲜,线下,220,8,32
2024-01-09,华东,上海,家用电器,线上,2650,8,482
2024-01-17,华东,苏州,手机数码,线下,4000,4,471
2024-01-23,东北,哈尔滨,家用电器,线下,1630,9,339
2024-01-01,华中,长沙,食品生鲜,线下,240,4,41
2024-01-22,东北,哈尔滨,服饰鞋包,线下,1140,2,340
2024-01-13,东北,哈尔滨,食品生鲜,线下,200,9,27
2024-01-27,西北,乌鲁木齐,服饰鞋包,线下,660,5,141
2024-01-12,华中,南昌,食品生鲜,线上,170,9,30
2024-01-17,华南,海口,家用电器,线下,3590,2,863
2024-01-09,华北,太原,手机数码,线下,2200,2,367
2024-01-03,西北,乌鲁木齐,电脑办公,线下,3230,3,507
2024-01-01,华东,苏州,服饰鞋包,线上,1030,6,218
2024-01-17,华北,北京,美妆个护,线下,580,6,140
2024-01-12,西北,西安,食品生鲜,线上,190,2,23
2024-01-19,华北,北京,美妆个护,线下,400,5,130
2024-01-17,华东,南京,美妆个护,线下,520,4,136
2024-01-02,华中,武汉,家用电器,线上,1330,3,254
2024-01-20,华中,郑州,食品生鲜,线下,330,9,41
2024-01-01,东北,哈尔滨,美妆个护,线上,270,9,85
2024-01-01,东北,大连,电脑办公,线上,3460,8,586
2024-01-05,华北,北京,美妆个护,线上,240,5,104
2024-01-23,西北,乌鲁木齐,电脑办公,线上,3540,2,750
2024-01-15,西北,西安,手机数码,线下,3430,3,445
2024-01-05,华北,天津,手机数码,线下,3120,6,353
2024-01-27,西南,昆明,电脑办公,线上,4390,5,677
2024-01-21,华北,太原,食品生鲜,线上,260,7,45
2024-01-13,华南,厦门,电脑办公,线下,3010,8,771
2024-01-11,华中,武汉,手机数码,线上,3930,8,532
2024-01-04,华南,深圳,服饰鞋包,线上,700,6,159
2024-01-04,华东,苏州,食品生鲜,线下,130,1,13
2024-01-20,东北,哈尔滨,服饰鞋包,线上,1030,9,288
2024-01-09,华南,厦门,食品生鲜,线下,230,2,37
2024-01-03,华中,南昌,服饰鞋包,线下,1050,1,323
2024-01-26,西北,兰州,食品生鲜,线上,110,6,13
2024-01-24,华北,天津,食品生鲜,线上,210,4,34
2024-01-16,西北,乌鲁木齐,服饰鞋包,线下,630,7,143
2024-01-23,华南,深圳,食品生鲜,线上,200,6,33
2024-01-21,华北,北京,食品生鲜,线下,310,2,49
2024-01-01,华南,深圳,服饰鞋包,线上,420,7,102
2024-01-19,东北,哈尔滨,手机数码,线下,4340,5,580
2024-01-03,华北,天津,手机数码,线上,3670,5,653
2024-01-10,西南,昆明,手机数码,线上,1810,7,306
2024-01-19,西南,贵阳,电脑办公,线上,4260,2,1092
2024-01-21,华北,天津,食品生鲜,线下,310,3,32
2024-01-22,华南,海口,家用电器,线上,2770,2,394
2024-01-09,华北,天津,美妆个护,线下,680,2,200
2024-01-22,华南,海口,手机数码,线上,3970,3,676
2024-02-04,西北,兰州,电脑办公,线下,5220,5,975
2024-02-17,华东,杭州,食品生鲜,线上,300,9,31
2024-02-12,西北,西安,服饰鞋包,线上,720,5,180
2024-02-23,华中,长沙,食品生鲜,线下,320,8,58
2024-02-22,华东,上海,电脑办公,线上,5240,4,850
2024-02-27,华中,长沙,食品生鲜,线上,160,9,26
2024-02-02,华中,南昌,美妆个护,线下,400,3,170
2024-02-06,华南,厦门,电脑办公,线下,7110,6,1171
2024-02-01,西南,成都,食品生鲜,线下,210,2,34
2024-02-20,华东,上海,美妆个护,线下,370,7,150
2024-02-06,华东,上海,食品生鲜,线下,350,6,62
2024-02-04,华东,上海,家用电器,线下,4120,7,960
2024-02-06,西南,贵阳,电脑办公,线上,6120,6,1443
2024-02-27,东北,哈尔滨,家用电器,线上,3230,1,518
2024-02-26,华北,北京,食品生鲜,线下,290,4,39
2024-02-16,东北,大连,食品生鲜,线下,140,4,14
2024-02-21,西北,乌鲁木齐,服饰鞋包,线上,590,9,138
2024-02-26,华东,苏州,家用电器,线上,2100,2,415
2024-02-24,华北,天津,手机数码,线下,4750,1,831
2024-02-05,东北,大连,手机数码,线下,2760,9,526
2024-02-03,西北,西安,家用电器,线上,2910,2,737
2024-02-24,华南,海口,家用电器,线上,2150,7,451
2024-02-18,华中,南昌,美妆个护,线上,650,4,241
2024-02-19,西南,成都,食品生鲜,线下,150,4,23
2024-02-18,西南,昆明,家用电器,线下,4240,3,1033
2024-02-10,华北,北京,美妆个护,线上,310,8,112
2024-02-04,西北,西安,服饰鞋包,线上,1200,4,306
2024-02-27,西北,西安,电脑办公,线下,6970,8,1859
2024-02-11,西南,贵阳,美妆个护,线上,480,7,182
2024-02-01,华东,南京,美妆个护,线下,640,1,232
2024-02-01,西北,兰州,食品生鲜,线上,230,9,23
2024-02-15,西南,重庆,服饰鞋包,线上,1100,9,359
2024-02-06,西北,兰州,食品生鲜,线下,340,1,48
2024-02-04,华东,南京,服饰鞋包,线下,800,9,210
2024-02-10,西南,贵阳,手机数码,线下,3180,1,448
2024-02-11,华南,深圳,电脑办公,线下,4600,7,777
2024-02-10,西北,乌鲁木齐,食品生鲜,线上,280,9,49
2024-03-15,华南,广州,电脑办公,线下,5570,3,930
2024-03-06,华北,天津,手机数码,线下,2240,2,351
2024-03-05,东北,大连,美妆个护,线上,270,8,102
2024-03-11,华中,南昌,美妆个护,线下,470,4,164
2024-03-10,华北,北京,服饰鞋包,线下,870,9,238
2024-03-22,华东,苏州,美妆个护,线下,460,7,111
2024-03-08,华北,石家庄,服饰鞋包,线下,710,1,209
2024-03-03,华南,广州,手机数码,线下,3270,9,431
2024-03-08,华东,上海,服饰鞋包,线上,460,9,102
2024-03-16,东北,哈尔滨,服饰鞋包,线下,1160,3,319
2024-03-08,华中,长沙,手机数码,线下,3240,2,636
2024-03-22,西南,昆明,食品生鲜,线下,160,7,22
2024-03-14,华中,长沙,服饰鞋包,线上,600,7,145
2024-03-02,西北,兰州,食品生鲜,线上,300,4,46
2024-03-13,华北,石家庄,食品生鲜,线上,240,6,32
2024-03-13,东北,大连,美妆个护,线下,480,6,138
2024-03-21,西南,贵阳,电脑办公,线下,4490,2,839
2024-03-09,西北,西安,手机数码,线下,3330,9,456
2024-03-07,西北,西安,服饰鞋包,线下,610,8,221
2024-03-13,华北,北京,电脑办公,线上,5020,9,1225
2024-03-21,华北,北京,电脑办公,线上,2710,2,437
2024-03-14,西南,贵阳,家用电器,线下,3080,1,647
2024-03-18,华中,郑州,电脑办公,线下,5020,7,1079
2024-03-11,华北,太原,服饰鞋包,线上,1010,4,246
2024-03-01,华南,海口,电脑办公,线上,4100,1,790
2024-03-22,华北,太原,食品生鲜,线下,180,7,20
2024-03-13,华南,厦门,家用电器,线下,1420,3,303
2024-03-25,西南,贵阳,服饰鞋包,线上,710,5,245
2024-03-01,西北,乌鲁木齐,家用电器,线下,3690,6,921
2024-03-20,东北,大连,服饰鞋包,线下,680,8,243
2024-03-25,东北,沈阳,美妆个护,线上,370,1,98
2024-03-02,华东,上海,电脑办公,线下,4890,1,1172
2024-03-01,华东,苏州,电脑办公,线下,5070,3,1242
2024-03-03,华南,深圳,电脑办公,线上,3660,4,796
2024-03-26,华东,上海,电脑办公,线上,5270,7,1037
2024-03-11,华东,杭州,美妆个护,线下,380,8,99
2024-03-17,西南,成都,美妆个护,线上,520,8,157
2024-03-12,西北,西安,食品生鲜,线下,290,7,48
2024-03-14,西北,兰州,家用电器,线上,2710,6,461
2024-03-06,西南,贵阳,服饰鞋包,线上,380,6,93
2024-03-14,西南,昆明,食品生鲜,线上,140,2,14
2024-03-12,东北,哈尔滨,手机数码,线下,2690,1,334
2024-03-01,东北,哈尔滨,美妆个护,线下,340,2,94
2024-03-13,华中,长沙,手机数码,线上,3360,7,692
2024-03-24,华南,深圳,服饰鞋包,线上,570,9,212
2024-04-19,华中,长沙,食品生鲜,线下,210,6,37
2024-04-19,华东,上海,食品生鲜,线上,150,6,15
2024-04-26,华北,太原,食品生鲜,线下,240,7,33
2024-04-12,华中,郑州,手机数码,线上,4290,3,774
2024-04-15,华北,石家庄,服饰鞋包,线下,1160,6,251
2024-04-08,华南,厦门,美妆个护,线下,760,4,319
2024-04-04,东北,沈阳,电脑办公,线上,4380,8,985
2024-04-17,东北,哈尔滨,手机数码,线上,3160,8,465
2024-04-01,华北,石家庄,食品生鲜,线下,230,4,30
2024-04-17,华中,郑州,家用电器,线上,2790,8,422
2024-04-21,华北,太原,手机数码,线下,1720,4,345
2024-04-15,华北,石家庄,食品生鲜,线下,310,6,38
2024-04-19,西北,乌鲁木齐,电脑办公,线下,2750,4,764
2024-04-15,东北,哈尔滨,服饰鞋包,线下,760,4,249
2024-04-07,华东,苏州,手机数码,线下,1730,7,201
2024-04-22,西南,贵阳,手机数码,线下,2120,2,408
2024-04-10,西南,重庆,食品生鲜,线下,300,6,50
2024-04-11,东北,大连,家用电器,线上,2090,9,508
2024-04-07,华北,石家庄,家用电器,线下,1520,4,362
2024-04-25,华中,武汉,家用电器,线下,2120,1,335
2024-04-12,华南,厦门,美妆个护,线上,700,2,281
2024-04-25,东北,沈阳,家用电器,线上,2000,6,325
2024-04-24,西北,乌鲁木齐,服饰鞋包,线下,930,1,358
2024-04-16,华中,武汉,手机数码,线上,4550,4,896
2024-04-27,东北,大连,食品生鲜,线上,170,1,20
2024-04-15,华南,海口,家用电器,线上,1740,5,427
2024-04-01,东北,大连,家用电器,线上,1970,7,498
2024-04-25,华南,海口,手机数码,线下,4020,7,633
2024-04-23,华北,太原,美妆个护,线下,790,8,215
2024-04-09,华北,北京,食品生鲜,线下,220,7,29
2024-04-21,华北,太原,家用电器,线上,2940,2,646
2024-04-24,华东,苏州,电脑办公,线下,3090,4,690
2024-04-24,西北,乌鲁木齐,手机数码,线下,3300,7,585
2024-04-25,西南,重庆,电脑办公,线上,3910,9,718
2024-04-21,西南,昆明,美妆个护,线下,520,7,189
2024-04-05,华中,武汉,美妆个护,线上,640,8,205
2024-04-08,西北,乌鲁木齐,食品生鲜,线下,150,5,24
2024-04-05,华北,天津,手机数码,线上,3060,1,501
2024-04-27,西南,贵阳,家用电器,线上,2460,5,391
2024-04-21,华北,太原,电脑办公,线下,3210,2,857
2024-05-19,华东,杭州,家用电器,线上,3360,9,587
2024-05-07,华东,苏州,家用电器,线上,2730,4,417
2024-05-24,华南,海口,服饰鞋包,线上,520,2,120
2024-05-06,华南,厦门,美妆个护,线上,410,8,106
2024-05-17,西北,兰州,服饰鞋包,线下,1030,1,324
2024-05-13,西北,西安,家用电器,线上,2110,2,474
2024-05-02,西南,贵阳,食品生鲜,线上,250,2,25
2024-05-10,华中,郑州,服饰鞋包,线下,770,4,293
2024-05-25,华中,长沙,手机数码,线上,2820,7,575
2024-05-09,华东,上海,食品生鲜,线下,300,9,31
2024-05-04,西南,贵阳,美妆个护,线上,520,5,222
2024-05-08,华北,北京,服饰鞋包,线下,1030,9,297
2024-05-13,西北,兰州,手机数码,线上,4340,8,876
2024-05-26,华中,南昌,服饰鞋包,线上,640,5,233
2024-05-27,西北,西安,服饰鞋包,线上,1000,9,274
2024-05-16,西北,兰州,美妆个护,线上,520,5,190
2024-05-14,西北,乌鲁木齐,家用电器,线下,2130,5,460
2024-05-26,华东,杭州,手机数码,线上,3100,1,447
2024-05-01,西北,乌鲁木齐,服饰鞋包,线下,1000,1,282
2024-05-09,华东,苏州,美妆个护,线上,410,8,130
2024-05-12,西南,贵阳,家用电器,线下,2750,8,571
2024-05-17,华中,长沙,电脑办公,线下,4560,8,868
2024-05-25,东北,沈阳,食品生鲜,线上,270,8,41
2024-05-20,东北,哈尔滨,服饰鞋包,线下,1220,8,366
2024-05-11,东北,大连,美妆个护,线上,510,7,177
2024-05-27,西北,乌鲁木齐,服饰鞋包,线下,1250,9,454
2024-05-07,华南,深圳,美妆个护,线上,290,5,111
2024-05-03,华北,石家庄,手机数码,线下,2440,2,276
2024-05-22,西南,成都,电脑办公,线下,5080,5,1059
2024-05-11,西南,重庆,服饰鞋包,线上,830,6,311
2024-05-07,西北,兰州,家用电器,线上,1320,5,234
2024-05-05,西南,贵阳,手机数码,线上,2720,4,536
2024-05-05,华中,郑州,电脑办公,线上,2100,9,528
2024-05-27,华东,苏州,服饰鞋包,线上,500,9,117
2024-05-19,华南,厦门,服饰鞋包,线上,680,7,155
2024-05-02,华南,海口,服饰鞋包,线下,860,7,214
2024-05-21,华北,北京,服饰鞋包,线下,550,1,136
2024-05-04,东北,大连,手机数码,线下,1820,8,249
2024-05-09,华东,苏州,美妆个护,线上,600,9,213
2024-05-23,华南,广州,电脑办公,线下,6250,9,1161
2024-05-24,华南,海口,手机数码,线上,3600,5,585
2024-05-27,西南,成都,美妆个护,线上,370,5,96
2024-05-15,华东,苏州,食品生鲜,线上,300,1,40
2024-05-17,东北,大连,美妆个护,线上,410,8,154
2024-05-19,华东,苏州,食品生鲜,线上,280,9,35
2024-05-25,华中,长沙,美妆个护,线下,790,3,343
2024-06-16,西北,兰州,家用电器,线上,4820,4,677
2024-06-27,西北,乌鲁木齐,美妆个护,线下,960,8,366
2024-06-07,西南,昆明,电脑办公,线上,4800,9,1267
2024-06-17,华南,广州,食品生鲜,线上,310,6,48
2024-06-21,华东,南京,电脑办公,线下,8190,2,2200
2024-06-12,华东,苏州,服饰鞋包,线上,1320,1,400
2024-06-27,华东,杭州,食品生鲜,线下,270,5,36
2024-06-04,西南,成都,手机数码,线下,7140,6,838
2024-06-05,华北,天津,家用电器,线上,4610,1,959
2024-06-14,西北,西安,美妆个护,线下,450,7,145
2024-06-10,华南,深圳,手机数码,线下,6310,6,1276
2024-06-04,华东,杭州,食品生鲜,线下,490,4,87
2024-06-20,华东,杭州,服饰鞋包,线下,1160,5,260
2024-06-06,华南,广州,家用电器,线下,5860,7,822
2024-06-19,华中,武汉,美妆个护,线下,660,4,254
2024-06-20,东北,哈尔滨,美妆个护,线上,910,7,350
2024-06-26,华中,武汉,美妆个护,线上,1040,3,423
2024-06-03,华中,长沙,食品生鲜,线上,320,2,54
2024-06-01,华中,郑州,手机数码,线下,7080,3,1089
2024-06-11,华南,厦门,食品生鲜,线下,450,7,76
2024-06-11,西北,西安,服饰鞋包,线下,1240,2,344
2024-06-06,华北,石家庄,美妆个护,线上,720,2,222
2024-06-09,华中,长沙,手机数码,线上,2590,7,367
2024-06-03,华东,上海,手机数码,线下,7210,9,855
2024-06-04,东北,哈尔滨,食品生鲜,线上,350,7,48
2024-06-21,西北,西安,家用电器,线下,5730,5,1475
2024-06-24,华中,武汉,美妆个护,线上,820,2,252
2024-06-26,华北,北京,电脑办公,线上,3760,3,883
2024-06-03,西北,兰州,美妆个护,线下,720,5,252
2024-06-27,华南,厦门,食品生鲜,线上,280,1,33
2024-06-26,西南,重庆,家用电器,线下,5770,2,1175
2024-06-02,华南,深圳,家用电器,线上,5040,8,798
2024-06-12,华南,海口,手机数码,线下,7110,4,1079
2024-06-13,华东,上海,家用电器,线上,2630,5,549
2024-06-13,西南,昆明,食品生鲜,线上,260,9,45
2024-06-08,西南,贵阳,家用电器,线上,3020,5,692
2024-06-11,华东,上海,美妆个护,线上,660,6,235
2024-06-15,东北,沈阳,食品生鲜,线上,340,7,54
2024-06-20,华北,太原,家用电器,线下,5570,9,1402
2024-06-03,华南,广州,手机数码,线下,5410,1,825
2024-06-19,西南,成都,服饰鞋包,线下,1430,2,332
2024-06-25,华南,海口,手机数码,线下,4490,4,735
2024-06-05,西北,乌鲁木齐,服饰鞋包,线上,670,6,186
2024-06-22,西南,贵阳,电脑办公,线上,8250,6,1478
2024-07-18,东北,沈阳,电脑办公,线上,2870,8,480
2024-07-04,华东,苏州,服饰鞋包,线下,1100,3,252
2024-07-18,西北,乌鲁木齐,手机数码,线上,3270,7,406
2024-07-24,东北,沈阳,食品生鲜,线下,390,2,56
2024-07-07,西南,重庆,美妆个护,线下,830,3,241
2024-07-09,华南,广州,美妆个护,线下,820,6,196
2024-07-07,华东,上海,食品生鲜,线下,240,5,32
2024-07-09,华北,石家庄,电脑办公,线下,2490,1,427
2024-07-26,华北,太原,电脑办公,线上,3230,3,879
2024-07-05,东北,沈阳,手机数码,线下,3830,1,537
2024-07-14,华北,石家庄,食品生鲜,线下,250,4,30
2024-07-11,西北,兰州,电脑办公,线下,6900,5,1869
2024-07-11,华南,深圳,服饰鞋包,线上,920,3,322
2024-07-10,东北,大连,电脑办公,线上,4710,2,930
2024-07-18,东北,大连,家用电器,线上,1550,7,264
2024-07-06,华中,长沙,电脑办公,线上,3170,7,583
2024-07-25,华北,天津,电脑办公,线下,3660,2,686
2024-07-06,西南,成都,美妆个护,线下,760,8,264
2024-07-03,华南,厦门,食品生鲜,线上,150,8,24
2024-07-22,华东,杭州,美妆个护,线上,560,7,176
2024-07-16,华北,太原,美妆个护,线上,770,3,237
2024-07-05,东北,大连,电脑办公,线上,4580,2,829
2024-07-06,西南,重庆,电脑办公,线上,2660,5,537
2024-07-14,东北,哈尔滨,食品生鲜,线上,290,3,32
2024-07-04,华东,南京,服饰鞋包,线下,740,6,245
2024-07-12,西北,兰州,服饰鞋包,线下,680,7,170
2024-07-15,华北,天津,食品生鲜,线下,200,5,28
2024-07-09,西北,乌鲁木齐,服饰鞋包,线上,1250,3,339
2024-07-03,西北,乌鲁木齐,家用电器,线上,2060,4,414
2024-07-09,东北,哈尔滨,电脑办公,线上,3700,5,728
2024-07-09,华北,北京,家用电器,线下,4110,4,833
2024-07-06,华南,厦门,美妆个护,线上,580,2,190
2024-07-19,东北,沈阳,电脑办公,线上,5870,8,1280
2024-07-15,西北,兰州,电脑办公,线下,4770,6,960
2024-07-12,华中,武汉,电脑办公,线上,2420,8,392
2024-07-07,华南,深圳,家用电器,线上,2160,6,520
2024-07-12,东北,沈阳,服饰鞋包,线下,820,3,260
2024-07-09,东北,沈阳,手机数码,线下,3480,4,705
2024-07-15,华北,石家庄,食品生鲜,线上,310,2,45
2024-07-14,华中,武汉,手机数码,线上,1970,9,342
2024-07-16,西南,成都,美妆个护,线下,400,1,139
2024-07-06,华中,长沙,家用电器,线上,3270,1,545
2024-07-17,华北,石家庄,手机数码,线上,3360,9,608
2024-07-05,华中,武汉,服饰鞋包,线下,1110,4,293
2024-07-05,东北,沈阳,美妆个护,线上,740,8,314
2024-07-19,西南,成都,美妆个护,线上,390,7,117
2024-07-15,华中,郑州,服饰鞋包,线上,1210,1,441
2024-07-16,东北,沈阳,电脑办公,线下,3900,7,909
2024-08-12,华北,北京,食品生鲜,线下,380,8,48
2024-08-09,华中,武汉,家用电器,线上,2730,2,509
2024-08-13,西北,兰州,电脑办公,线上,6260,4,1008
2024-08-07,华北,天津,手机数码,线上,2430,7,459
2024-08-07,华中,郑州,食品生鲜,线上,140,4,19
2024-08-17,华东,苏州,手机数码,线下,1980,3,294
2024-08-15,东北,大连,手机数码,线下,3940,6,739
2024-08-25,华中,武汉,家用电器,线下,4370,3,793
2024-08-14,华中,南昌,电脑办公,线下,6750,9,1704
2024-08-04,西南,重庆,食品生鲜,线上,310,2,50
2024-08-06,东北,沈阳,食品生鲜,线上,240,7,25
2024-08-18,西北,西安,手机数码,线上,3240,1,502
2024-08-19,华北,太原,服饰鞋包,线上,1080,8,341
2024-08-08,华中,武汉,家用电器,线下,2650,2,645
2024-08-14,华北,太原,手机数码,线上,5100,1,609
2024-08-24,华东,杭州,食品生鲜,线上,220,9,23
2024-08-19,华北,石家庄,电脑办公,线上,2260,3,603
2024-08-20,华中,长沙,食品生鲜,线上,290,1,39
2024-08-08,西南,重庆,电脑办公,线上,5160,6,876
2024-08-03,东北,大连,手机数码,线下,5440,6,968
2024-08-03,华中,南昌,电脑办公,线上,2950,1,495
2024-08-03,华北,太原,电脑办公,线下,6540,6,1571
2024-08-03,华南,广州,电脑办公,线下,6890,3,1324
2024-08-04,华东,苏州,食品生鲜,线上,290,5,50
2024-08-26,华北,石家庄,服饰鞋包,线上,1130,2,417
2024-08-24,华东,苏州,美妆个护,线下,870,5,289
2024-08-19,华北,北京,电脑办公,线上,3420,4,544
2024-08-22,华中,长沙,电脑办公,线上,2700,3,624
2024-08-20,西南,贵阳,手机数码,线下,3130,6,585
2024-08-05,东北,沈阳,手机数码,线下,3980,9,784
2024-08-12,西北,乌鲁木齐,服饰鞋包,线上,730,7,242
2024-08-20,华东,上海,手机数码,线上,2920,8,593
2024-08-25,东北,沈阳,服饰鞋包,线下,1300,7,505
2024-08-08,华中,长沙,美妆个护,线上,750,3,308
2024-08-15,西南,重庆,家用电器,线上,1500,8,245
2024-08-10,西南,昆明,手机数码,线下,4600,3,865
2024-08-22,华东,杭州,食品生鲜,线上,170,5,30
2024-08-15,华南,海口,手机数码,线上,2450,2,393
2024-08-06,华北,石家庄,家用电器,线下,4530,9,699
2024-08-01,西南,重庆,食品生鲜,线下,360,6,62
2024-09-08,华南,深圳,手机数码,线上,3520,5,450
2024-09-08,东北,哈尔滨,美妆个护,线下,460,5,170
2024-09-24,华北,北京,美妆个护,线下,570,5,222
2024-09-02,西南,重庆,电脑办公,线下,5540,7,894
2024-09-18,华南,厦门,美妆个护,线下,450,2,152
2024-09-01,华东,上海,电脑办公,线上,4020,2,917
2024-09-16,华北,北京,服饰鞋包,线上,420,2,155
2024-09-20,西北,兰州,手机数码,线上,4260,5,834
2024-09-14,华北,北京,手机数码,线下,5090,1,695
2024-09-06,华东,杭州,家用电器,线上,3380,9,822
2024-09-05,华南,广州,美妆个护,线下,530,7,217
2024-09-19,西南,贵阳,食品生鲜,线下,280,8,47
2024-09-06,华北,天津,食品生鲜,线上,280,7,38
2024-09-26,华北,天津,美妆个护,线下,530,5,213
2024-09-22,华南,深圳,电脑办公,线上,5120,9,1250
2024-09-04,华南,广州,美妆个护,线下,290,9,92
2024-09-16,华南,海口,美妆个护,线上,730,9,257
2024-09-24,华南,厦门,服饰鞋包,线下,650,1,150
2024-09-24,西南,成都,电脑办公,线上,4450,7,1261
2024-09-15,华东,南京,美妆个护,线上,610,7,226
2024-09-23,华北,天津,美妆个护,线上,590,1,189
2024-09-27,华南,厦门,服饰鞋包,线上,520,1,162
2024-09-22,华中,南昌,食品生鲜,线上,270,9,32
2024-09-07,西北,西安,手机数码,线上,2760,7,424
2024-09-09,华东,杭州,服饰鞋包,线下,1260,8,298
2024-09-20,西北,西安,服饰鞋包,线下,460,2,112
2024-09-08,西北,兰州,家用电器,线上,3380,7,742
2024-09-17,华北,太原,手机数码,线下,2070,4,396
2024-09-14,东北,哈尔滨,食品生鲜,线上,120,5,14
2024-09-02,华南,广州,美妆个护,线上,700,3,219
2024-09-14,华东,上海,服饰鞋包,线下,1270,3,309
2024-09-08,华中,武汉,家用电器,线下,1930,8,310
2024-09-03,西北,兰州,电脑办公,线上,4790,6,781
2024-09-07,华东,杭州,食品生鲜,线上,200,7,36
2024-09-27,华中,南昌,食品生鲜,线上,260,9,27
2024-09-12,华南,广州,美妆个护,线上,440,8,185
2024-09-06,华南,深圳,手机数码,线下,2740,5,404
2024-09-05,东北,大连,服饰鞋包,线下,850,6,313
2024-09-14,华东,上海,美妆个护,线上,540,4,210
2024-09-19,华北,天津,食品生鲜,线上,280,5,40
2024-09-25,西南,昆明,手机数码,线上,2520,4,453
2024-09-21,东北,大连,手机数码,线上,1850,7,370
2024-09-19,西南,重庆,手机数码,线上,4120,4,666
2024-09-22,华北,太原,家用电器,线上,3330,6,859
2024-09-05,东北,哈尔滨,美妆个护,线上,440,4,180
2024-09-19,西北,兰州,美妆个护,线上,550,1,227
2024-09-23,华中,南昌,家用电器,线下,1960,5,342
2024-10-12,华南,厦门,手机数码,线下,4060,7,505
2024-10-13,西北,西安,家用电器,线上,3280,4,528
2024-10-01,华北,太原,手机数码,线下,1820,9,360
2024-10-08,西北,乌鲁木齐,食品生鲜,线上,180,1,29
2024-10-19,华东,苏州,美妆个护,线下,420,7,119
2024-10-27,西南,成都,美妆个护,线上,270,8,84
2024-10-20,东北,哈尔滨,电脑办公,线下,4600,8,1060
2024-10-26,东北,大连,美妆个护,线上,320,1,120
2024-10-13,华南,海口,服饰鞋包,线上,910,9,253
2024-10-15,华南,海口,家用电器,线下,2590,3,449
2024-10-22,华东,南京,美妆个护,线下,480,1,115
2024-10-11,西南,成都,电脑办公,线下,5230,6,1192
2024-10-26,华北,天津,家用电器,线上,2970,8,514
2024-10-22,西北,乌鲁木齐,手机数码,线上,1810,1,212
2024-10-05,华南,深圳,食品生鲜,线下,250,7,35
2024-10-12,东北,沈阳,食品生鲜,线下,230,7,23
2024-10-09,华南,海口,手机数码,线下,3230,7,628
2024-10-17,西南,昆明,服饰鞋包,线下,1290,1,434
2024-10-15,东北,沈阳,手机数码,线下,3570,4,629
2024-10-14,西北,西安,手机数码,线下,2280,9,276
2024-10-04,东北,沈阳,电脑办公,线下,2970,8,654
2024-10-23,华东,南京,服饰鞋包,线下,520,8,193
2024-10-20,华南,厦门,食品生鲜,线下,170,5,18
2024-10-10,华东,上海,服饰鞋包,线上,590,3,223
2024-10-20,华中,郑州,电脑办公,线上,2510,6,568
2024-10-25,华南,深圳,食品生鲜,线下,160,4,21
2024-10-07,华中,长沙,美妆个护,线上,500,1,136
2024-10-01,西南,重庆,家用电器,线下,2620,4,646
2024-10-16,华北,天津,服饰鞋包,线下,930,7,342
2024-10-21,西南,昆明,美妆个护,线下,790,7,269
2024-10-17,东北,沈阳,电脑办公,线上,4350,5,774
2024-10-06,华南,深圳,食品生鲜,线下,300,6,34
2024-10-08,西南,成都,美妆个护,线下,800,1,209
2024-10-09,华东,上海,美妆个护,线下,850,7,367
2024-10-03,西南,昆明,电脑办公,线下,2400,5,456
2024-10-03,华南,海口,食品生鲜,线上,150,3,16
2024-10-05,东北,大连,食品生鲜,线下,270,5,36
2024-10-10,华南,海口,服饰鞋包,线下,580,3,143
2024-10-15,华北,北京,服饰鞋包,线上,720,8,233
2024-10-15,东北,哈尔滨,手机数码,线下,5080,7,708
2024-10-03,华东,苏州,食品生鲜,线下,280,5,47
2024-10-27,东北,沈阳,食品生鲜,线上,250,7,42
2024-10-08,华东,杭州,食品生鲜,线上,260,3,42
2024-10-02,华中,南昌,服饰鞋包,线上,890,2,257
2024-10-21,西北,兰州,手机数码,线下,2490,1,494
2024-10-10,华南,深圳,电脑办公,线上,4590,1,849
2024-10-09,西南,成都,手机数码,线下,1870,6,347
2024-11-03,西南,贵阳,家用电器,线上,4880,7,1117
2024-11-25,西北,西安,手机数码,线上,5950,9,953
2024-11-09,东北,沈阳,手机数码,线下,4020,5,619
2024-11-22,西北,兰州,服饰鞋包,线上,1410,8,494
2024-11-11,西北,西安,电脑办公,线上,9840,2,2655
2024-11-22,东北,大连,手机数码,线上,7300,4,952
2024-11-10,东北,哈尔滨,美妆个护,线上,620,9,211
2024-11-20,华南,广州,电脑办公,线上,4670,2,762
2024-11-18,华东,杭州,电脑办公,线下,7660,8,1352
2024-11-16,华南,深圳,手机数码,线下,8660,8,1674
2024-11-23,西南,重庆,美妆个护,线下,1250,8,436
2024-11-15,华北,北京,手机数码,线上,3110,7,478
2024-11-12,西南,重庆,电脑办公,线下,10110,8,1642
2024-11-14,西南,昆明,服饰鞋包,线下,2400,2,827
2024-11-12,华东,南京,电脑办公,线下,8540,3,2331
2024-11-08,华中,长沙,手机数码,线下,7040,1,1343
2024-11-12,东北,大连,电脑办公,线下,4580,1,944
2024-11-27,华东,杭州,服饰鞋包,线上,1840,1,684
2024-11-27,华东,南京,手机数码,线下,6840,4,1212
2024-11-27,华南,深圳,电脑办公,线上,6940,6,1089
2024-11-26,华南,深圳,电脑办公,线上,9730,1,1645
2024-11-22,华中,南昌,电脑办公,线上,5030,9,1370
2024-11-04,华中,武汉,食品生鲜,线下,520,7,68
2024-11-07,华东,南京,电脑办公,线下,8930,1,1905
2024-11-03,东北,哈尔滨,食品生鲜,线上,480,3,57
2024-11-21,华南,深圳,服饰鞋包,线下,900,4,219
2024-11-05,西南,贵阳,食品生鲜,线下,610,2,80
2024-11-03,华南,厦门,手机数码,线上,8320,4,1400
2024-11-27,华东,苏州,手机数码,线上,8380,9,1491
2024-11-22,华南,海口,服饰鞋包,线上,1660,9,490
2024-11-23,华南,深圳,家用电器,线上,2630,7,550
2024-11-26,华南,广州,家用电器,线下,3590,5,813
2024-11-11,华中,南昌,美妆个护,线上,890,1,256
2024-11-08,华东,南京,服饰鞋包,线上,970,5,318
2024-11-09,华北,石家庄,电脑办公,线下,4730,6,1349
2024-11-22,西南,昆明,食品生鲜,线上,580,1,98
2024-11-25,西南,昆明,食品生鲜,线上,330,6,50
2024-11-04,华北,石家庄,电脑办公,线下,9270,7,2286
2024-11-13,华中,武汉,食品生鲜,线上,420,7,44
2024-11-10,西北,西安,家用电器,线下,7490,6,1265
2024-11-23,西北,西安,食品生鲜,线上,390,5,52
2024-11-05,西北,兰州,电脑办公,线上,6480,1,1045
2024-11-08,华南,厦门,食品生鲜,线下,450,2,63
2024-11-25,华北,北京,美妆个护,线上,720,6,221
2024-11-12,东北,沈阳,服饰鞋包,线下,2480,4,651
2024-11-02,华北,天津,服饰鞋包,线下,1390,5,455
2024-11-25,西北,乌鲁木齐,食品生鲜,线下,280,6,38
2024-11-12,西北,乌鲁木齐,美妆个护,线上,1080,2,335
2024-11-13,华东,杭州,手机数码,线下,6680,4,1162
2024-11-27,西北,兰州,服饰鞋包,线上,2080,4,767
2024-11-22,东北,哈尔滨,美妆个护,线上,610,8,261
2024-11-14,华北,太原,美妆个护,线下,570,3,212
2024-11-27,华东,南京,服饰鞋包,线上,1210,3,335
2024-11-09,华南,深圳,手机数码,线上,3300,6,460
2024-11-20,华东,苏州,美妆个护,线下,820,2,294
2024-11-14,东北,沈阳,美妆个护,线上,710,1,292
2024-11-05,华北,太原,食品生鲜,线下,500,9,78
2024-11-08,西南,昆明,手机数码,线上,5450,9,953
2024-11-08,华南,深圳,电脑办公,线下,10920,3,3087
2024-11-26,华东,上海,食品生鲜,线下,400,2,51
2024-11-13,西北,西安,电脑办公,线下,7810,4,1920
2024-11-08,东北,大连,电脑办公,线下,6520,9,1119
2024-11-01,华东,杭州,服饰鞋包,线上,1790,5,549
2024-11-21,华南,深圳,电脑办公,线下,10830,3,2707
2024-12-16,华中,武汉,食品生鲜,线上,360,4,47
2024-12-09,西北,西安,电脑办公,线下,7270,9,1406
2024-12-24,华中,长沙,电脑办公,线下,7760,6,1501
2024-12-10,华中,郑州,电脑办公,线上,3270,9,505
2024-12-23,华东,上海,家用电器,线下,4250,9,1053
2024-12-12,华北,石家庄,电脑办公,线上,5060,8,1230
2024-12-21,华北,北京,电脑办公,线上,6480,4,1681
2024-12-12,华北,天津,服饰鞋包,线下,800,1,230
2024-12-22,西南,重庆,美妆个护,线上,470,9,205
2024-12-10,西南,昆明,服饰鞋包,线上,790,6,293
2024-12-11,华中,南昌,电脑办公,线下,7510,4,1536
2024-12-10,西南,昆明,电脑办公,线下,7270,8,1187
2024-12-07,华北,太原,电脑办公,线上,2940,4,534
2024-12-12,华北,北京,食品生鲜,线下,360,5,44
2024-12-27,西南,重庆,服饰鞋包,线下,770,2,276
2024-12-27,西北,西安,电脑办公,线下,4350,1,1053
2024-12-18,华南,深圳,服饰鞋包,线上,780,4,289
2024-12-21,西北,兰州,手机数码,线上,4320,6,756
2024-12-13,华中,长沙,服饰鞋包,线下,820,7,246
2024-12-06,华东,杭州,家用电器,线下,2360,6,584
2024-12-25,华中,武汉,家用电器,线上,4010,1,623
2024-12-04,华中,武汉,服饰鞋包,线上,960,9,373
2024-12-24,华北,北京,食品生鲜,线下,310,5,35
2024-12-05,西北,乌鲁木齐,家用电器,线下,3450,5,894
2024-12-24,华南,广州,家用电器,线上,4930,4,1207
2024-12-20,华东,杭州,电脑办公,线上,6490,1,1638
2024-12-03,华中,武汉,手机数码,线下,5080,9,805
2024-12-16,华南,深圳,电脑办公,线下,3120,8,652
2024-12-17,西南,昆明,服饰鞋包,线上,1100,1,397
2024-12-11,华南,深圳,家用电器,线上,3180,7,603
2024-12-27,华北,石家庄,电脑办公,线上,7030,7,1386
2024-12-09,华南,厦门,家用电器,线上,3900,9,734
2024-12-13,华北,石家庄,服饰鞋包,线下,910,5,274
2024-12-17,西南,重庆,家用电器,线下,5470,4,853
2024-12-03,西北,兰州,手机数码,线上,3110,4,349
2024-12-12,东北,沈阳,美妆个护,线下,550,5,161
2024-12-10,华南,深圳,手机数码,线下,6790,5,1108
2024-12-13,华北,天津,美妆个护,线上,720,8,210
2024-12-15,东北,大连,家用电器,线下,3220,7,712
2024-12-06,西南,贵阳,家用电器,线上,2060,4,529
2024-12-17,华东,杭州,电脑办公,线下,3520,9,641
2024-12-14,东北,大连,食品生鲜,线上,260,1,27
2024-12-13,东北,大连,电脑办公,线下,4950,1,1048
2024-12-12,华北,太原,手机数码,线下,2720,3,507
2024-12-19,华南,厦门,手机数码,线上,4780,9,712
2024-12-08,东北,大连,美妆个护,线上,390,3,154
2024-12-07,华北,天津,手机数码,线上,5170,5,843
2024-12-10,东北,哈尔滨,家用电器,线上,2370,1,493
2024-12-08,华南,海口,食品生鲜,线下,460,6,75
